{"cameraMode":{"drawMode":0,"name":"Shaded","section":"Shading Mode"},"sceneLighting":true,"audioPlay":false,"sceneViewState":{"showFog":true,"showMaterialUpdate":false,"showSkybox":true,"showFlares":true,"showImageEffects":true,"showParticleSystems":true},"in2DMode":false,"pivot":{"x":4.7877912521362309,"y":32.78535461425781,"z":26.40579605102539},"rotation":{"x":-0.12080206722021103,"y":-0.4247203469276428,"z":0.057293567806482318,"w":-0.8953977227210999},"size":105.31271362304688,"orthographic":true}