{"cameraMode":{"drawMode":0,"name":"Shaded","section":"Shading Mode"},"sceneLighting":true,"audioPlay":false,"sceneViewState":{"showFog":true,"showMaterialUpdate":false,"showSkybox":true,"showFlares":true,"showImageEffects":true,"showParticleSystems":true},"in2DMode":false,"pivot":{"x":34.9461669921875,"y":20.39719009399414,"z":-1.487872838973999},"rotation":{"x":0.14878249168395997,"y":-0.02817886509001255,"z":0.004241897724568844,"w":0.9884592890739441},"size":41.35422897338867,"orthographic":true}